INSERT INTO sequence_next_high_value (id, next_val) VALUES ('memberid', '1041');

INSERT INTO user (email, password, active, joining_date, prefix, name, last_name, cellno, add_line1, add_line2, add_line3, city, state, pin, last_login_time, role_name) VALUES ('admin', '$2a$10$yLrtIAznr3IwyyGv4Wj2yO2rm67gn3MchuK0Fs.UuIQdWowkemxiS', '1', '2018-01-01', 'Mr', 'ADMIN', 'ADMIN', '9819980951', 'XXX', 'XXX', 'XXX', 'Mumbai', 'Maharashtra', '400081', '2018-09-05 16:06:07', 'ROLE_ADMIN');
INSERT INTO user (email, password, active, joining_date, prefix, name, last_name, cellno, add_line1, add_line2, add_line3, city, state, pin, last_login_time, role_name) VALUES ('amolmulik@gmail.com', '$2a$10$UWYP.HPsGfVutk27fuHbLunHwEoa69dNmoBPQ4cxmnS0dpXmoO2.i', '1', '2018-01-01', 'Mr', 'Amol', 'Mulik', '8605015882?', 'XXX', 'XXX', 'XXX', 'Mumbai', 'Maharashtra', '400058', '2018-01-01 00:00:00', 'ROLE_END_USER');
INSERT INTO user (email, password, active, joining_date, prefix, name, last_name, cellno, add_line1, add_line2, add_line3, city, state, pin, last_login_time, role_name) VALUES ('anandkirtiv@gmail.com', '$2a$10$D2zaA138F0IU1.Cf7j4kQO.mAROnXoANlVZRprbsjbQKNYCXSiKhy', '1', '2018-01-01', 'Mr', 'Anand', 'Vaknalli', '9833539299', 'XXX', 'XXX', 'XXX', 'Mumbai', 'Maharashtra', '400068', '2018-01-01 00:00:00', 'ROLE_END_USER');
INSERT INTO user (email, password, active, joining_date, prefix, name, last_name, cellno, add_line1, add_line2, add_line3, city, state, pin, last_login_time, role_name) VALUES ('devang.883@gmail.com', '$2a$10$cw.lsbnBcVoSqpWUWoMJSeQ4Y.ikbqnBAfnc0rFLO5IFuU04vyk7O', '1', '2018-01-01', 'Mr', 'Devang', 'Shah', '9930008883', 'XXX', 'XXX', 'XXX', 'Mumbai', 'Maharashtra', '400001', '2018-01-01 00:00:00', 'ROLE_END_USER');
INSERT INTO user (email, password, active, joining_date, prefix, name, last_name, cellno, add_line1, add_line2, add_line3, city, state, pin, last_login_time, role_name) VALUES ('girishsadalge@gmail.com', '$2a$10$hO4NGE6qGX0XPz5XtVIbqeik9R4Si70VVA/or0NTIUGNfTXj9SVhy', '1', '2018-01-01', 'Mr', 'Girish', 'Sadalge', '9820116406', 'XXX', 'XXX', 'XXX', 'Mumbai', 'Maharashtra', '400076', '2018-01-01 00:00:00', 'ROLE_END_USER');
INSERT INTO user (email, password, active, joining_date, prefix, name, last_name, cellno, add_line1, add_line2, add_line3, city, state, pin, last_login_time, role_name) VALUES ('jaidassawant@gmail.com', '$2a$10$uIxSv6InOqGux36sRrmT2Os9NPmf6NZoF/jrF7NE6GA9UdKkQptaS', '1', '2018-01-01', 'Mr', 'Jaidas', 'Sawant', '9869229313', 'XXX', 'XXX', 'XXX', 'Mumbai', 'Maharashtra', '400607', '2018-01-01 00:00:00', 'ROLE_END_USER');
INSERT INTO user (email, password, active, joining_date, prefix, name, last_name, cellno, add_line1, add_line2, add_line3, city, state, pin, last_login_time, role_name) VALUES ('jayeshwadekar@gmail.com', '$2a$10$bOyflnmzOFtmtqt9wGrYy.B6ZrKiWmOXQ9T0x4NxRVU9f.PzxKcyO', '1', '2018-01-01', 'Mr', 'Jayesh', 'Wadekar', '9823433623', 'XXX', 'XXX', 'XXX', 'Pune', 'Maharashtra', '415501', '2018-01-01 00:00:00', 'ROLE_END_USER');
INSERT INTO user (email, password, active, joining_date, prefix, name, last_name, cellno, add_line1, add_line2, add_line3, city, state, pin, last_login_time, role_name) VALUES ('joshi.manish@gmail.com', '$2a$10$.6cP9zzH3RgncPO3AX7E1uHoUhCzLo3AYXNekgXGlw28x9Wf7BZmW', '1', '2018-01-01', 'Mr', 'Manish', 'Joshi', '9820029940', 'XXX', 'XXX', 'XXX', 'Mumbai', 'Maharashtra', '400058', '2018-01-01 00:00:00', 'ROLE_END_USER');
INSERT INTO user (email, password, active, joining_date, prefix, name, last_name, cellno, add_line1, add_line2, add_line3, city, state, pin, last_login_time, role_name) VALUES ('madhavi.1611@gmail.com', '$2a$10$Nuz9Mn4SovtiHMwsRiqD3eW5DHncbQIjop2vBeJA9dKDdDdImuK6C', '1', '2018-01-01', 'Mrs', 'Madhavi', 'Rane', '9930174850', 'XXX', 'XXX', 'XXX', 'Mumbai', 'Maharashtra', '400081', '2018-09-11 16:20:18', 'ROLE_END_USER');
INSERT INTO user (email, password, active, joining_date, prefix, name, last_name, cellno, add_line1, add_line2, add_line3, city, state, pin, last_login_time, role_name) VALUES ('mayank.joshi@gmail.com', '$2a$10$u4pb/WR3qAG3KCHcfnJ.neH7o2SRV.2UAyn9PfgJq0FwSWmIAf8ca', '1', '2018-01-01', 'Mr', 'Mayank', 'Joshi', '9999999999', 'XXX', 'XXX', 'XXX', 'Mumbai', 'Maharashtra', '400001', '2018-01-01 00:00:00', 'ROLE_END_USER');
INSERT INTO user (email, password, active, joining_date, prefix, name, last_name, cellno, add_line1, add_line2, add_line3, city, state, pin, last_login_time, role_name) VALUES ('meenasawant@demo.com', '$2a$10$5yUjWIe5SGAX/24.X.xXoenfuaCT5WBfp9lCePA0loA06msHUw1Pa', '1', '2018-01-01', 'Mrs', 'Meena', 'Sawant', '9324217550', 'XXX', 'XXX', 'XXX', 'Mumbai', 'Maharashtra', '400078', '2018-01-01 00:00:00', 'ROLE_END_USER');
INSERT INTO user (email, password, active, joining_date, prefix, name, last_name, cellno, add_line1, add_line2, add_line3, city, state, pin, last_login_time, role_name) VALUES ('pareshpadave@gmail.com', '$2a$10$N0VLkKh9vm5uh8QsABFM.OEgTCKSGfIJp2HK1bgn.Ff/OdjVmH8p6', '1', '2018-01-01', 'Mr', 'Paresh', 'Padave', '9833721408', 'XXX', 'XXX', 'XXX', 'Mumbai', 'Maharashtra', '400079', '2018-01-01 00:00:00', 'ROLE_END_USER');
INSERT INTO user (email, password, active, joining_date, prefix, name, last_name, cellno, add_line1, add_line2, add_line3, city, state, pin, last_login_time, role_name) VALUES ('pramod.pawar1970@gmail.com', '$2a$10$G7HGj356utx0mpUczSKq9OJYeuFgS8XqTuyOJefe2EY0a32lbrcNC', '1', '2018-01-01', 'Mr', 'Pramod', 'Pawar', '9833539125', 'XXX', 'XXX', 'XXX', 'Mumbai', 'Maharashtra', '400081', '2018-01-01 00:00:00', 'ROLE_END_USER');
INSERT INTO user (email, password, active, joining_date, prefix, name, last_name, cellno, add_line1, add_line2, add_line3, city, state, pin, last_login_time, role_name) VALUES ('prashant.gparab19@gmail.com', '$2a$10$abwcYXmedFI5yKVorc9n2O2IwxUeLz0s636nXnmdjxGkWDDFbztpW', '1', '2018-01-01', 'Mr', 'Prashant', 'Parab', '9004412534', 'XXX', 'XXX', 'XXX', 'Mumbai', 'Maharashtra', '400033', '2018-01-01 00:00:00', 'ROLE_END_USER');
INSERT INTO user (email, password, active, joining_date, prefix, name, last_name, cellno, add_line1, add_line2, add_line3, city, state, pin, last_login_time, role_name) VALUES ('rohinikulaye@gmail.com', '$2a$10$ZDtcgbzTbieQdqX5E.0qDuob5G8cYmYokFxQVGHwXmT7OV9mqzs92', '1', '2018-01-01', 'Mrs', 'Rohini', 'Phatak', '9987508953', 'XXX', 'XXX', 'XXX', 'Mumbai', 'Maharashtra', '400081', '2018-09-11 16:09:53', 'ROLE_END_USER');
INSERT INTO user (email, password, active, joining_date, prefix, name, last_name, cellno, add_line1, add_line2, add_line3, city, state, pin, last_login_time, role_name) VALUES ('sachinshengale@gmail.com', '$2a$10$lWnzSvQBPXvToLpWFPWDE.6TgA6/xTNBiadl.oKcDhtfSjVQbnISO', '1', '2018-01-01', 'Mr', 'Sachin', 'Shengale', '9820518100', 'XXX', 'XXX', 'XXX', 'Mumbai', 'Maharashtra', '400081', '2018-01-01 00:00:00', 'ROLE_END_USER');
INSERT INTO user (email, password, active, joining_date, prefix, name, last_name, cellno, add_line1, add_line2, add_line3, city, state, pin, last_login_time, role_name) VALUES ('sai_rege@yahoo.co.in', '$2a$10$lZWRm6fh1dPdSbZ77ypZzOpXOBwD/7R02uVPE62.aLz21LmVTmsMe', '1', '2018-01-01', 'Mrs', 'Sai', 'Rege', '9867316157', 'XXX', 'XXX', 'XXX', 'Mumbai', 'Maharashtra', '400058', '2018-01-01 00:00:00', 'ROLE_END_USER');
INSERT INTO user (email, password, active, joining_date, prefix, name, last_name, cellno, add_line1, add_line2, add_line3, city, state, pin, last_login_time, role_name) VALUES ('shekhar2979@gmail.com', '$2a$10$nMjB7sAj5bQOSzuANCJyZu0ScYIuxC75GVsfiKnd3VkIlc7Zfpjo.', '1', '2018-01-01', 'Mr', 'Shekhar', 'Dhuri', '7506382727', 'XXX', 'XXX', 'XXX', 'Mumbai', 'Maharashtra', '400078', '2018-01-01 00:00:00', 'ROLE_END_USER');
INSERT INTO user (email, password, active, joining_date, prefix, name, last_name, cellno, add_line1, add_line2, add_line3, city, state, pin, last_login_time, role_name) VALUES ('shinde_sudarshan2005@rediffmail.com', '$2a$10$e7n.EvieSkZp6FusyXTbbezegzCoC5HbnKZMJZeBMsU4g2dRVZSga', '1', '2018-01-01', 'Mr', 'Sudershan', 'Shinde', '9702556764', 'XXX', 'XXX', 'XXX', 'Mumbai', 'Maharashtra', '400078', '2018-01-01 00:00:00', 'ROLE_END_USER');
INSERT INTO user (email, password, active, joining_date, prefix, name, last_name, cellno, add_line1, add_line2, add_line3, city, state, pin, last_login_time, role_name) VALUES ('snehal.pailkar@gmail.com', '$2a$10$uscbfv0eT8cMcHmdy6cf4OQM8lsSLUBCPW2JUkYvQXGJIQDZXiGU6', '1', '2018-01-01', 'Mr', 'Snehal', 'Pailkar', '9820420963?', 'XXX', 'XXX', 'XXX', 'Mumbai', 'Maharashtra', '400081', '2018-01-01 00:00:00', 'ROLE_END_USER');
INSERT INTO user (email, password, active, joining_date, prefix, name, last_name, cellno, add_line1, add_line2, add_line3, city, state, pin, last_login_time, role_name) VALUES ('sudhir.kulaye@gmail.com', '$2a$10$ENXiopaNoiwZmjKqsr1g8O5fjIqyrrj5lK9w9q98aun3Aq/yoqAwW', '1', '2018-01-01', 'Mr', 'Sudhir', 'Kulaye', '9819980951', 'XXX', 'XXX', 'XXX', 'Mumbai', 'Maharashtra', '400081', '2018-09-24 10:05:40', 'ROLE_END_USER');
INSERT INTO user (email, password, active, joining_date, prefix, name, last_name, cellno, add_line1, add_line2, add_line3, city, state, pin, last_login_time, role_name) VALUES ('sudhirkulaye', '$2a$10$ENXiopaNoiwZmjKqsr1g8O5fjIqyrrj5lK9w9q98aun3Aq/yoqAwW', '1', '2018-01-01', 'Mr', 'Sudhir', 'Kulaye', '9819980951', 'XXX', 'XXX', 'XXX', 'Mumbai', 'Maharashtra', '400081', '2018-09-04 09:31:44', 'ROLE_ADVISER');
INSERT INTO user (email, password, active, joining_date, prefix, name, last_name, cellno, add_line1, add_line2, add_line3, city, state, pin, last_login_time, role_name) VALUES ('surendraphatak10@gmail.com', '$2a$10$1qtXg4TIYHAmrJ4HkJhVGO217ki5FvJDgX3GJ6xvdAumV7SqiipDy', '1', '2018-01-01', 'Mr', 'Surendra', 'Phatak', '9869063512', 'XXX', 'XXX', 'XXX', 'Mumbai', 'Maharashtra', '400078', '2018-01-01 00:00:00', 'ROLE_END_USER');
INSERT INTO user (email, password, active, joining_date, prefix, name, last_name, cellno, add_line1, add_line2, add_line3, city, state, pin, last_login_time, role_name) VALUES ('sushrutbhogate@gmail.com', '$2a$10$qhphlpplVA3JjuxJrnr2wOCJXjcqCr9WhR2Y2P2HVO92yyTDLE7Ry', '1', '2018-01-01', 'Mr', 'Uday', 'Bhogate', '9221051898', 'XXX', 'XXX', 'XXX', 'Mumbai', 'Maharashtra', '400001', '2018-01-01 00:00:00', 'ROLE_END_USER');
INSERT INTO user (email, password, active, joining_date, prefix, name, last_name, cellno, add_line1, add_line2, add_line3, city, state, pin, last_login_time, role_name) VALUES ('swapnil.parab2013@gmail.com', '$2a$10$ao3jhOkCysUM2WpEUFyD8OOqnG8WeUGa6nKMEZ3sPXuB5GIxctIre', '1', '2018-01-01', 'Mr', 'Swapnil', 'Parab', '9769956244', 'XXX', 'XXX', 'XXX', 'Mumbai', 'Maharashtra', '400014', '2018-01-01 00:00:00', 'ROLE_END_USER');
INSERT INTO user (email, password, active, joining_date, prefix, name, last_name, cellno, add_line1, add_line2, add_line3, city, state, pin, last_login_time, role_name) VALUES ('tusharnanche@gmail.com', '$2a$10$prUa6b7WsfhN33u8khVx8.qrLNympG0bbmuqXbGHUpvPKcHOdTB.O', '1', '2018-01-01', 'Mr', 'Tushar', 'Nanche', '8767599725', 'XXX', 'XXX', 'XXX', 'Mumbai', 'Maharashtra', '400022', '2018-01-01 00:00:00', 'ROLE_END_USER');
INSERT INTO user (email, password, active, joining_date, prefix, name, last_name, cellno, add_line1, add_line2, add_line3, city, state, pin, last_login_time, role_name) VALUES ('yatin.gawde@gmail.com', '$2a$10$T2.zn.raKEGFqchMr.2zLusIa/V65CBxesC52cN7bMcrRmY/ca3me', '1', '2018-01-01', 'Mr', 'Yatin', 'Gawde', '9819156287', 'XXX', 'XXX', 'XXX', 'Thane', 'Maharashtra', '404001', '2018-01-01 00:00:00', 'ROLE_END_USER');
INSERT INTO user (email, password, active, joining_date, prefix, name, last_name, cellno, add_line1, add_line2, add_line3, city, state, pin, last_login_time, role_name) VALUES ('yjadhav262@gmail.com', '$2a$10$z/Q8TVh.fAXUHoo9wwj.cO46bNeS.SWik0w.oFeUBsSywr3LS4SoK', '1', '2018-01-01', 'Mr', 'Yogesh', 'Jadhav', '9967020963', 'XXX', 'XXX', 'XXX', 'Navi Mumbai', 'Maharashtra', '408001', '2018-01-01 00:00:00', 'ROLE_END_USER');


INSERT INTO member (memberid, first_name, middle_name, last_name, relationship, birth_date, gender, marital_status, email, cellno, earning_status, profession, industry, is_secured_by_pension, education, is_finance_professional, expected_retirement_date, is_alive) VALUES ('1', 'Sudhir', 'Ashok', 'Kulaye', 'Self', '1980-03-08', 'M', 'Single', 'sudhir.kulaye@gmail.com', '9819980951', 'Not Earning', 'Professional/Self Employed', 'Diversified Financial Services', 'N', 'Professional', 'Y', '2011-12-31', 'Y');
INSERT INTO member (memberid, first_name, middle_name, last_name, relationship, birth_date, gender, marital_status, email, cellno, earning_status, profession, industry, is_secured_by_pension, education, is_finance_professional, expected_retirement_date, is_alive) VALUES ('1001', 'Madhavi', 'Rohan', 'Rane', 'Self', '1985-11-16', 'F', 'Married', 'madhavi.1611@gmail.com', '9930174850', 'Earning', 'Secured Govt. Job', 'Health Care Service Providers', 'N', 'Professional', 'N', '2033-01-01', 'Y');
INSERT INTO member (memberid, first_name, middle_name, last_name, relationship, birth_date, gender, marital_status, email, cellno, earning_status, profession, industry, is_secured_by_pension, education, is_finance_professional, expected_retirement_date, is_alive) VALUES ('1002', 'Rohini', 'Nikhil', 'Phatak', 'Self', '1981-04-03', 'F', 'Married', 'rohinikulaye@gmail.com', '9987508953', 'Earning', 'Unstable Pvt. Sector Job', 'Pharmaceuticals', 'N', 'Graduate', 'N', '2033-01-01', 'Y');
INSERT INTO member (memberid, first_name, middle_name, last_name, relationship, birth_date, gender, marital_status, email, cellno, earning_status, profession, industry, is_secured_by_pension, education, is_finance_professional, expected_retirement_date, is_alive) VALUES ('1003', 'Yatin', 'Balkrishna', 'Gawde', 'Self', '1980-08-21', 'M', 'Married', 'yatin.gawde@gmail.com', '9819156287', 'Earning', '', '', 'N', '', 'N', '2000-01-01', 'Y');
INSERT INTO member (memberid, first_name, middle_name, last_name, relationship, birth_date, gender, marital_status, email, cellno, earning_status, profession, industry, is_secured_by_pension, education, is_finance_professional, expected_retirement_date, is_alive) VALUES ('1004', 'Yogesh', 'Ashok', 'Jadhav', 'Self', '1980-02-12', 'M', 'Married', 'yjadhav262@gmail.com', '9967020963', 'Earning', '', '', 'N', '', 'N', '2000-01-01', 'Y');
INSERT INTO member (memberid, first_name, middle_name, last_name, relationship, birth_date, gender, marital_status, email, cellno, earning_status, profession, industry, is_secured_by_pension, education, is_finance_professional, expected_retirement_date, is_alive) VALUES ('1005', 'Pramod', 'Himatrao', 'Pawar', 'Self', '1970-08-30', 'M', 'Married', 'pramod.pawar1970@gmail.com', '9833539125', 'Earning', '', '', 'Y', '', 'N', '2000-01-01', 'Y');
INSERT INTO member (memberid, first_name, middle_name, last_name, relationship, birth_date, gender, marital_status, email, cellno, earning_status, profession, industry, is_secured_by_pension, education, is_finance_professional, expected_retirement_date, is_alive) VALUES ('1006', 'Rohan', 'Dhanaji', 'Rane', 'Husband', '1985-03-17', 'M', 'Married', 'rohandrane@gmail.com', '9867908196', 'Earning', 'Stable Pvt. Sector Job', 'Pharmaceuticals', 'N', 'Master', 'N', '2033-01-01', 'Y');
INSERT INTO member (memberid, first_name, middle_name, last_name, relationship, birth_date, gender, marital_status, email, cellno, earning_status, profession, industry, is_secured_by_pension, education, is_finance_professional, expected_retirement_date, is_alive) VALUES ('1007', 'Rahul', 'Vijayanand', 'Vaknalli', 'Self', '1995-03-18', 'M', 'Single', 'anandkirtiv@gmail.com', '9819209399', 'Earning', '', '', 'N', '', 'N', '2000-01-01', 'Y');
INSERT INTO member (memberid, first_name, middle_name, last_name, relationship, birth_date, gender, marital_status, email, cellno, earning_status, profession, industry, is_secured_by_pension, education, is_finance_professional, expected_retirement_date, is_alive) VALUES ('1008', 'Prashant', 'Govind', 'Parab', 'Self', '1965-12-19', 'M', 'Married', 'prashant.gparab19@gmail.com', '9004412534', 'Earning', '', '', 'Y', '', 'N', '2000-01-01', 'Y');
INSERT INTO member (memberid, first_name, middle_name, last_name, relationship, birth_date, gender, marital_status, email, cellno, earning_status, profession, industry, is_secured_by_pension, education, is_finance_professional, expected_retirement_date, is_alive) VALUES ('1009', 'Ankush', 'Ramchandra', 'Kulaye', 'Self', '1946-03-09', 'M', 'Widow', 'XXX@XXX.XXX', '9999999999', 'Earning', '', '', 'N', '', 'N', '2000-01-01', 'Y');
INSERT INTO member (memberid, first_name, middle_name, last_name, relationship, birth_date, gender, marital_status, email, cellno, earning_status, profession, industry, is_secured_by_pension, education, is_finance_professional, expected_retirement_date, is_alive) VALUES ('1010', 'Sachin', 'Vasudev', 'Shengale', 'Self', '1980-06-28', 'M', 'Married', 'sachinshengale@gmail.com', '9820518100', 'Earning', '', '', 'N', '', 'N', '2000-01-01', 'Y');
INSERT INTO member (memberid, first_name, middle_name, last_name, relationship, birth_date, gender, marital_status, email, cellno, earning_status, profession, industry, is_secured_by_pension, education, is_finance_professional, expected_retirement_date, is_alive) VALUES ('1011', 'Sindhu', 'Ashok', 'Kulaye', 'Mother', '1954-10-20', 'F', 'Widow', 'sindhukulaye@gmail.com', '9920836534', 'Earning', 'Pensioner', '', 'Y', 'Under Graduate', 'N', '2017-01-01', 'Y');
INSERT INTO member (memberid, first_name, middle_name, last_name, relationship, birth_date, gender, marital_status, email, cellno, earning_status, profession, industry, is_secured_by_pension, education, is_finance_professional, expected_retirement_date, is_alive) VALUES ('1014', 'Girish', 'Tamanna', 'Sadalge', 'Self', '1980-10-11', 'M', 'Married', 'girishsadalge@gmail.com', '9820116406', 'Earning', '', '', 'N', '', 'N', '2000-01-01', 'Y');
INSERT INTO member (memberid, first_name, middle_name, last_name, relationship, birth_date, gender, marital_status, email, cellno, earning_status, profession, industry, is_secured_by_pension, education, is_finance_professional, expected_retirement_date, is_alive) VALUES ('1015', 'Vijayanand', 'Bhaskar', 'Vaknalli', 'Father', '1969-09-10', 'M', 'Married', 'XXX@XXX.XXX', '9833539299', 'Earning', '', '', 'N', '', 'N', '2000-01-01', 'Y');
INSERT INTO member (memberid, first_name, middle_name, last_name, relationship, birth_date, gender, marital_status, email, cellno, earning_status, profession, industry, is_secured_by_pension, education, is_finance_professional, expected_retirement_date, is_alive) VALUES ('1016', 'Aneeket', 'Keshav', 'Rane', 'Self', '1982-10-29', 'M', 'Married', 'XXX@XXX.XXX', '9999999999', 'Earning', '', '', 'N', '', 'N', '2000-01-01', 'Y');
INSERT INTO member (memberid, first_name, middle_name, last_name, relationship, birth_date, gender, marital_status, email, cellno, earning_status, profession, industry, is_secured_by_pension, education, is_finance_professional, expected_retirement_date, is_alive) VALUES ('1017', 'Jayesh', '', 'Wadekar', 'Self', '1983-01-01', 'M', 'Married', 'jayeshwadekar@gmail.com', '9823433623', 'Earning', '', '', 'N', '', 'N', '2000-01-01', 'Y');
INSERT INTO member (memberid, first_name, middle_name, last_name, relationship, birth_date, gender, marital_status, email, cellno, earning_status, profession, industry, is_secured_by_pension, education, is_finance_professional, expected_retirement_date, is_alive) VALUES ('1018', 'Nikhil', 'Surendra', 'Phatak', 'Husband', '1983-01-01', 'M', 'Married', 'nikhilphatak29@gmail.com', '9819993419', 'Earning', 'Unstable Pvt. Sector Job', 'Hotels, Restaurants & Leisure', 'N', 'Graduate', 'N', '2033-01-01', 'Y');
INSERT INTO member (memberid, first_name, middle_name, last_name, relationship, birth_date, gender, marital_status, email, cellno, earning_status, profession, industry, is_secured_by_pension, education, is_finance_professional, expected_retirement_date, is_alive) VALUES ('1019', 'Shalmi', 'Yatin', 'Gawde', 'Wife', '1981-01-01', 'F', 'Married', 'shalmi.naik@gmail.com', '9819702056', 'Earning', '', '', 'N', '', 'N', '2000-01-01', 'Y');
INSERT INTO member (memberid, first_name, middle_name, last_name, relationship, birth_date, gender, marital_status, email, cellno, earning_status, profession, industry, is_secured_by_pension, education, is_finance_professional, expected_retirement_date, is_alive) VALUES ('1020', 'Uday', '', 'Bhogate', 'Self', '1980-01-01', 'M', 'Married', 'XXX@XXX.XXX', '9999999999', 'Earning', '', '', 'N', '', 'N', '2000-01-01', 'Y');
INSERT INTO member (memberid, first_name, middle_name, last_name, relationship, birth_date, gender, marital_status, email, cellno, earning_status, profession, industry, is_secured_by_pension, education, is_finance_professional, expected_retirement_date, is_alive) VALUES ('1021', 'Devang', '', 'Shah', 'Self', '1985-01-01', 'M', 'Married', 'devang.883@gmail.com', '9930008883', 'Earning', '', '', 'N', '', 'N', '2000-01-01', 'Y');
INSERT INTO member (memberid, first_name, middle_name, last_name, relationship, birth_date, gender, marital_status, email, cellno, earning_status, profession, industry, is_secured_by_pension, education, is_finance_professional, expected_retirement_date, is_alive) VALUES ('1022', 'Tushar', 'Vitthal', 'Nanche', 'Self', '1980-03-30', 'M', 'Married', 'tusharnanche@gmail.com', '9999999999', 'Earning', '', '', 'N', '', 'N', '2000-01-01', 'Y');
INSERT INTO member (memberid, first_name, middle_name, last_name, relationship, birth_date, gender, marital_status, email, cellno, earning_status, profession, industry, is_secured_by_pension, education, is_finance_professional, expected_retirement_date, is_alive) VALUES ('1023', 'Paresh', 'Vishnu', 'Padave', 'Self', '1982-08-07', 'M', 'Married', 'pareshpadave@gmail.com', '9833721408', 'Earning', '', '', 'N', '', 'N', '2000-01-01', 'Y');
INSERT INTO member (memberid, first_name, middle_name, last_name, relationship, birth_date, gender, marital_status, email, cellno, earning_status, profession, industry, is_secured_by_pension, education, is_finance_professional, expected_retirement_date, is_alive) VALUES ('1024', 'Parita', 'Paresh', 'Padave', 'Wife', '1983-01-01', 'F', 'Married', 'paritakhedekar@gmail.com', '9004620130', 'Earning', '', '', 'N', '', 'N', '2000-01-01', 'Y');
INSERT INTO member (memberid, first_name, middle_name, last_name, relationship, birth_date, gender, marital_status, email, cellno, earning_status, profession, industry, is_secured_by_pension, education, is_finance_professional, expected_retirement_date, is_alive) VALUES ('1025', 'Dhanishtha', 'Prashant', 'Parab', 'Daughter', '1994-05-30', 'F', 'Single', 'dhanishtha.parab@gmail.com', '9757405867', 'Earning', '', '', 'N', '', 'N', '2000-01-01', 'Y');
INSERT INTO member (memberid, first_name, middle_name, last_name, relationship, birth_date, gender, marital_status, email, cellno, earning_status, profession, industry, is_secured_by_pension, education, is_finance_professional, expected_retirement_date, is_alive) VALUES ('1026', 'Snehal', 'Jeevan', 'Pailkar', 'Self', '1980-09-06', 'M', 'Married', 'snehal.pailkar@gmail.com', '9820420963?', 'Earning', '', '', 'N', '', 'N', '2000-01-01', 'Y');
INSERT INTO member (memberid, first_name, middle_name, last_name, relationship, birth_date, gender, marital_status, email, cellno, earning_status, profession, industry, is_secured_by_pension, education, is_finance_professional, expected_retirement_date, is_alive) VALUES ('1027', 'Priyanka', 'Snehal', 'Pailkar', 'Wife', '1983-01-01', 'F', 'Married', 'jadhav.priyanka@gmail.com', '9999999999', 'Earning', '', '', 'N', '', 'N', '2000-01-01', 'Y');
INSERT INTO member (memberid, first_name, middle_name, last_name, relationship, birth_date, gender, marital_status, email, cellno, earning_status, profession, industry, is_secured_by_pension, education, is_finance_professional, expected_retirement_date, is_alive) VALUES ('1028', 'Manish', '', 'Joshi', 'Self', '1980-01-01', 'M', 'Married', 'joshi.manish@gmail.com', '9820029940', 'Earning', '', '', 'N', '', 'N', '2000-01-01', 'Y');
INSERT INTO member (memberid, first_name, middle_name, last_name, relationship, birth_date, gender, marital_status, email, cellno, earning_status, profession, industry, is_secured_by_pension, education, is_finance_professional, expected_retirement_date, is_alive) VALUES ('1029', 'Mansi', 'Manish', 'Joshi', 'Wife', '1982-01-01', 'F', 'Married', 'mansi.dalvi@gmail.com', '9820929693', 'Earning', '', '', 'N', '', 'N', '2000-01-01', 'Y');
INSERT INTO member (memberid, first_name, middle_name, last_name, relationship, birth_date, gender, marital_status, email, cellno, earning_status, profession, industry, is_secured_by_pension, education, is_finance_professional, expected_retirement_date, is_alive) VALUES ('1030', 'Sharadchandra', '', 'Rege', 'Husband', '1964-09-27', 'M', 'Married', 'slr2610@gmail.com', '9820067839', 'Self-sufficient', '', '', 'N', '', 'N', '2000-01-01', 'Y');
INSERT INTO member (memberid, first_name, middle_name, last_name, relationship, birth_date, gender, marital_status, email, cellno, earning_status, profession, industry, is_secured_by_pension, education, is_finance_professional, expected_retirement_date, is_alive) VALUES ('1031', 'Sai', 'Sharadchandra', 'Rege', 'Self', '1972-07-24', 'F', 'Married', 'sai_rege@yahoo.co.in', '9867316157', 'Earning', '', '', 'N', '', 'N', '2000-01-01', 'Y');
INSERT INTO member (memberid, first_name, middle_name, last_name, relationship, birth_date, gender, marital_status, email, cellno, earning_status, profession, industry, is_secured_by_pension, education, is_finance_professional, expected_retirement_date, is_alive) VALUES ('1032', 'Rashmi', 'Girish', 'Sadalge', 'Wife', '1985-01-01', 'F', 'Married', 'rash1985@gmail.com', '9892465023', 'Earning', '', '', 'N', '', 'N', '2000-01-01', 'Y');
INSERT INTO member (memberid, first_name, middle_name, last_name, relationship, birth_date, gender, marital_status, email, cellno, earning_status, profession, industry, is_secured_by_pension, education, is_finance_professional, expected_retirement_date, is_alive) VALUES ('1033', 'Amol', 'Yashwant', 'Mulik', 'Self', '1980-11-23', 'M', 'Married', 'amolmulik@gmail.com', '8605015882?', 'Earning', '', '', 'N', '', 'N', '2000-01-01', 'Y');
INSERT INTO member (memberid, first_name, middle_name, last_name, relationship, birth_date, gender, marital_status, email, cellno, earning_status, profession, industry, is_secured_by_pension, education, is_finance_professional, expected_retirement_date, is_alive) VALUES ('1034', 'Jaidas', 'Jagannath', 'Sawant', 'Self', '1965-01-01', 'M', 'Married', 'jaidassawant@gmail.com', '9869229313', 'Pensioner', '', '', 'Y', '', 'N', '2018-06-01', 'Y');
INSERT INTO member (memberid, first_name, middle_name, last_name, relationship, birth_date, gender, marital_status, email, cellno, earning_status, profession, industry, is_secured_by_pension, education, is_finance_professional, expected_retirement_date, is_alive) VALUES ('1035', 'Mayank', '', 'Joshi', 'Self', '1983-01-01', 'M', 'Married', 'mayank.joshi@gmail.com', '9999999999', 'Earning', '', '', 'N', '', 'N', '2033-01-01', 'Y');
INSERT INTO member (memberid, first_name, middle_name, last_name, relationship, birth_date, gender, marital_status, email, cellno, earning_status, profession, industry, is_secured_by_pension, education, is_finance_professional, expected_retirement_date, is_alive) VALUES ('1036', 'Meena', '', 'Sawant', 'Self', '1965-01-01', 'F', 'Married', 'meenasawant@demo.com', '9324217550', 'Pensioner', '', '', 'Y', '', 'N', '2013-01-01', 'Y');
INSERT INTO member (memberid, first_name, middle_name, last_name, relationship, birth_date, gender, marital_status, email, cellno, earning_status, profession, industry, is_secured_by_pension, education, is_finance_professional, expected_retirement_date, is_alive) VALUES ('1037', 'Shekhar', 'Manohar', 'Dhuri', 'Self', '1981-01-01', 'M', 'Married', 'shekhar2979@gmail.com', '7506382727', 'Earning', '', '', 'N', '', 'N', '2033-01-01', 'Y');
INSERT INTO member (memberid, first_name, middle_name, last_name, relationship, birth_date, gender, marital_status, email, cellno, earning_status, profession, industry, is_secured_by_pension, education, is_finance_professional, expected_retirement_date, is_alive) VALUES ('1038', 'Sudarshan', 'Babu', 'Shinde', 'Self', '1975-01-01', 'M', 'Married', 'shinde_sudarshan2005@rediffmail.com', '9702556764', 'Earning', '', '', 'N', '', 'N', '2033-01-01', 'Y');
INSERT INTO member (memberid, first_name, middle_name, last_name, relationship, birth_date, gender, marital_status, email, cellno, earning_status, profession, industry, is_secured_by_pension, education, is_finance_professional, expected_retirement_date, is_alive) VALUES ('1039', 'Surendra', 'Babji', 'Phatak', 'Self', '1950-01-01', 'M', 'Married', 'surendraphatak10@gmail.com', '9869063512', 'Retired', '', '', 'N', '', 'N', '2018-01-01', 'Y');
INSERT INTO member (memberid, first_name, middle_name, last_name, relationship, birth_date, gender, marital_status, email, cellno, earning_status, profession, industry, is_secured_by_pension, education, is_finance_professional, expected_retirement_date, is_alive) VALUES ('1040', 'Swapnil', 'Suresh', 'Parab', 'Self', '1091-01-01', 'M', 'Married', 'swapnil.parab2013@gmail.com', '9769956244', 'Earning', '', '', 'N', '', 'N', '2025-01-01', 'Y');
INSERT INTO member (memberid, first_name, middle_name, last_name, relationship, birth_date, gender, marital_status, email, cellno, earning_status, profession, industry, is_secured_by_pension, education, is_finance_professional, expected_retirement_date, is_alive) VALUES ('1041', 'Chaitra', '', 'Phatak', 'Daughter', '2015-07-09', 'F', 'Single', '', '', 'Dependent', 'Student', '', 'N', '', 'N', '2050-01-01', 'Y');
INSERT INTO member (memberid, first_name, middle_name, last_name, relationship, birth_date, gender, marital_status, email, cellno, earning_status, profession, industry, is_secured_by_pension, education, is_finance_professional, expected_retirement_date, is_alive) VALUES ('1042', 'Mukta', '', 'Rane', 'Daughter', '2016-06-28', 'F', 'Single', '', '', 'Dependent', 'Secured Govt. Job', '', 'N', '', 'N', '2050-01-01', 'Y');

INSERT INTO user_members (email, memberid, relationship) VALUES ('sudhir.kulaye@gmail.com', '1', 'Self');
INSERT INTO user_members (email, memberid, relationship) VALUES ('madhavi.1611@gmail.com', '1001', 'Self');
INSERT INTO user_members (email, memberid, relationship) VALUES ('rohinikulaye@gmail.com', '1002', 'Self');
INSERT INTO user_members (email, memberid, relationship) VALUES ('yatin.gawde@gmail.com', '1003', 'Self');
INSERT INTO user_members (email, memberid, relationship) VALUES ('yjadhav262@gmail.com', '1004', 'Self');
INSERT INTO user_members (email, memberid, relationship) VALUES ('pramod.pawar1970@gmail.com', '1005', 'Self');
INSERT INTO user_members (email, memberid, relationship) VALUES ('madhavi.1611@gmail.com', '1006', 'Husband');
INSERT INTO user_members (email, memberid, relationship) VALUES ('anandkirtiv@gmail.com', '1007', 'Self');
INSERT INTO user_members (email, memberid, relationship) VALUES ('prashant.gparab19@gmail.com', '1008', 'Self');
INSERT INTO user_members (email, memberid, relationship) VALUES ('sachinshengale@gmail.com', '1010', 'Self');
INSERT INTO user_members (email, memberid, relationship) VALUES ('sudhir.kulaye@gmail.com', '1011', 'Mother');
INSERT INTO user_members (email, memberid, relationship) VALUES ('girishsadalge@gmail.com', '1014', 'Self');
INSERT INTO user_members (email, memberid, relationship) VALUES ('anandkirtiv@gmail.com', '1015', 'Father');
INSERT INTO user_members (email, memberid, relationship) VALUES ('jayeshwadekar@gmail.com', '1017', 'Self');
INSERT INTO user_members (email, memberid, relationship) VALUES ('rohinikulaye@gmail.com', '1018', 'Husband');
INSERT INTO user_members (email, memberid, relationship) VALUES ('yatin.gawde@gmail.com', '1019', 'Wife');
INSERT INTO user_members (email, memberid, relationship) VALUES ('sushrutbhogate@gmail.com', '1020', 'Self');
INSERT INTO user_members (email, memberid, relationship) VALUES ('devang.883@gmail.com', '1021', 'Self');
INSERT INTO user_members (email, memberid, relationship) VALUES ('tusharnanche@gmail.com', '1022', 'Self');
INSERT INTO user_members (email, memberid, relationship) VALUES ('pareshpadave@gmail.com', '1023', 'Self');
INSERT INTO user_members (email, memberid, relationship) VALUES ('pareshpadave@gmail.com', '1024', 'Wife');
INSERT INTO user_members (email, memberid, relationship) VALUES ('prashant.gparab19@gmail.com', '1025', 'Daughter');
INSERT INTO user_members (email, memberid, relationship) VALUES ('snehal.pailkar@gmail.com', '1026', 'Self');
INSERT INTO user_members (email, memberid, relationship) VALUES ('snehal.pailkar@gmail.com', '1027', 'Wife');
INSERT INTO user_members (email, memberid, relationship) VALUES ('joshi.manish@gmail.com', '1028', 'Self');
INSERT INTO user_members (email, memberid, relationship) VALUES ('joshi.manish@gmail.com', '1029', 'Wife');
INSERT INTO user_members (email, memberid, relationship) VALUES ('sai_rege@yahoo.co.in', '1030', 'Husband');
INSERT INTO user_members (email, memberid, relationship) VALUES ('sai_rege@yahoo.co.in', '1031', 'Self');
INSERT INTO user_members (email, memberid, relationship) VALUES ('girishsadalge@gmail.com', '1032', 'Wife');
INSERT INTO user_members (email, memberid, relationship) VALUES ('amolmulik@gmail.com', '1033', 'Self');
INSERT INTO user_members (email, memberid, relationship) VALUES ('jaidassawant@gmail.com', '1034', 'Self');
INSERT INTO user_members (email, memberid, relationship) VALUES ('mayank.joshi@gmail.com', '1035', 'Self');
INSERT INTO user_members (email, memberid, relationship) VALUES ('meenasawant@demo.com', '1036', 'Self');
INSERT INTO user_members (email, memberid, relationship) VALUES ('shekhar2979@gmail.com', '1037', 'Self');
INSERT INTO user_members (email, memberid, relationship) VALUES ('shinde_sudarshan2005@rediffmail.com', '1038', 'Self');
INSERT INTO user_members (email, memberid, relationship) VALUES ('surendraphatak10@gmail.com', '1039', 'Self');
INSERT INTO user_members (email, memberid, relationship) VALUES ('swapnil.parab2013@gmail.com', '1040', 'Self');
INSERT INTO user_members (email, memberid, relationship) VALUES ('rohinikulaye@gmail.com', '1041', 'Daughter');
INSERT INTO user_members (email, memberid, relationship) VALUES ('madhavi.1611@gmail.com', '1042', 'Daughter');


INSERT INTO asset_classification (classid, class_name, subclass_name, subclass_description) VALUES ('101010', 'Cash', 'Cash - Without Interest', 'Cash without interest');
INSERT INTO asset_classification (classid, class_name, subclass_name, subclass_description) VALUES ('101020', 'Cash', 'Cash - Bank Account', 'Saving/Current Bank Acct, very high liquidity');
INSERT INTO asset_classification (classid, class_name, subclass_name, subclass_description) VALUES ('201010', 'Fixed Income Short Term', 'Fixed Income Short - FD (<6M)', 'Bank FD (up to ~ 6M)');
INSERT INTO asset_classification (classid, class_name, subclass_name, subclass_description) VALUES ('201020', 'Fixed Income Short Term', 'Fixed Income Short - Debt MF Low Risk', 'Liquid Debt MFs having High Credit Quality And Low Int. Rate Sensitivity');
INSERT INTO asset_classification (classid, class_name, subclass_name, subclass_description) VALUES ('202010', 'Fixed Income Mid Term', 'Fixed Income Mid - FD (~ 6M-3Y)', 'Bank or Corporate FD (~ 6M-3Y)');
INSERT INTO asset_classification (classid, class_name, subclass_name, subclass_description) VALUES ('202020', 'Fixed Income Mid Term', 'Fixed Income Mid - Debt MF Medium Risk', 'Debt MFs having High to Medium Credit Quality, Low-Medium Int. Rate Sensitivity');
INSERT INTO asset_classification (classid, class_name, subclass_name, subclass_description) VALUES ('203010', 'Fixed Income Long Term', 'Fixed Income Long - FD (>3Yrs)', 'Corporate or Bank FD with Maturity > 5 Yrs');
INSERT INTO asset_classification (classid, class_name, subclass_name, subclass_description) VALUES ('203020', 'Fixed Income Long Term', 'Fixed Income Long - PPF-NSE', 'Govt. Tax Saving-Post Office');
INSERT INTO asset_classification (classid, class_name, subclass_name, subclass_description) VALUES ('203030', 'Fixed Income Long Term', 'Fixed Income Long - Bonds Debentures Preferred Stocks', 'Corporate or Govt. Bonds or Debentures or Preferred Stocks');
INSERT INTO asset_classification (classid, class_name, subclass_name, subclass_description) VALUES ('203040', 'Fixed Income Long Term', 'Fixed Income Long - Debt MF High Risk', 'Debt MFs having Medium To Low Credit Quality, Medium to High Int. Rate Sensitivity');
INSERT INTO asset_classification (classid, class_name, subclass_name, subclass_description) VALUES ('203050', 'Fixed Income Long Term', 'Fixed Income Long - Endowment Insurance', 'Endowment Insurance');
INSERT INTO asset_classification (classid, class_name, subclass_name, subclass_description) VALUES ('301010', 'Hybrid', 'Hybrid - Debt Oriented Hybrid MF', 'Debt Oriented Hybrid Mutual Fund');
INSERT INTO asset_classification (classid, class_name, subclass_name, subclass_description) VALUES ('301020', 'Hybrid', 'Hybrid - Equity Oriented Hybrid MF', 'Equity Oriented Hybrid Mutual Fund');
INSERT INTO asset_classification (classid, class_name, subclass_name, subclass_description) VALUES ('301030', 'Hybrid', 'Hybrid - ULIP-Pension Funds', 'Products where clients select ratio of Debt And Equity');
INSERT INTO asset_classification (classid, class_name, subclass_name, subclass_description) VALUES ('401010', 'Equity  Diversified  Large Cap', 'Equity Diversified Large Cap ETF Or Index - Nifty', 'NIFTY 50 Index ETF');
INSERT INTO asset_classification (classid, class_name, subclass_name, subclass_description) VALUES ('401020', 'Equity  Diversified  Large Cap', 'Equity Diversified Large Cap ETF Or Index - Bank', 'Banking Sector Index ETF');
INSERT INTO asset_classification (classid, class_name, subclass_name, subclass_description) VALUES ('401030', 'Equity  Diversified  Large Cap', 'Equity Diversified Large Cap ETF Or Index - Junior', 'NIFTY Next 50 ETF');
INSERT INTO asset_classification (classid, class_name, subclass_name, subclass_description) VALUES ('401040', 'Equity  Diversified  Large Cap', 'Equity Diversified Large Cap ETF Or Index - Other', 'Other Large Cap Index ETF or Index MF');
INSERT INTO asset_classification (classid, class_name, subclass_name, subclass_description) VALUES ('401050', 'Equity  Diversified  Large Cap', 'Equity Diversified Large Cap - Value Oriented MF', 'Large Cap Value Oriented Mutual Fund');
INSERT INTO asset_classification (classid, class_name, subclass_name, subclass_description) VALUES ('401060', 'Equity  Diversified  Large Cap', 'Equity Diversified Large Cap - Growth Oriented MF', 'Large Cap Growth Oriented Mutual Fund');
INSERT INTO asset_classification (classid, class_name, subclass_name, subclass_description) VALUES ('401070', 'Equity  Diversified  Large Cap', 'Equity Diversified Large Cap - Value And Growth MF', 'Large Cap Value And Growth Mutual Fund');
INSERT INTO asset_classification (classid, class_name, subclass_name, subclass_description) VALUES ('401080', 'Equity  Diversified  Large Cap', 'Equity Diversified Large Cap - ELSS Mutual Funds', 'Tax Saving Equity MF, 3 Ys locking period');
INSERT INTO asset_classification (classid, class_name, subclass_name, subclass_description) VALUES ('402010', 'Equity  Diversified  Mid Cap', 'Equity Diversified Mid Cap - ETF Or Index', 'Mid Cap ETF or Index MF');
INSERT INTO asset_classification (classid, class_name, subclass_name, subclass_description) VALUES ('402020', 'Equity  Diversified  Mid Cap', 'Equity Diversified Mid Cap - Value Oriented MF', 'Mid Cap Value Oriented Mutual Fund');
INSERT INTO asset_classification (classid, class_name, subclass_name, subclass_description) VALUES ('402030', 'Equity  Diversified  Mid Cap', 'Equity Diversified Mid Cap - Growth Oriented MF', 'Mid Cap Growth Oriented Mutual Fund');
INSERT INTO asset_classification (classid, class_name, subclass_name, subclass_description) VALUES ('402040', 'Equity  Diversified  Mid Cap', 'Equity Diversified Mid Cap - Value And Growth MF', 'Mid Cap Value And Growth Mutual Fund');
INSERT INTO asset_classification (classid, class_name, subclass_name, subclass_description) VALUES ('403010', 'Equity  Diversified  Multi Cap', 'Equity Diversified Multi Cap - ETF Or Index', 'Multi Cap ETF or Index MF');
INSERT INTO asset_classification (classid, class_name, subclass_name, subclass_description) VALUES ('403020', 'Equity  Diversified  Multi Cap', 'Equity Diversified Multi Cap - Value Oriented MF', 'Multi Cap Value Oriented Mutual Fund');
INSERT INTO asset_classification (classid, class_name, subclass_name, subclass_description) VALUES ('403030', 'Equity  Diversified  Multi Cap', 'Equity Diversified Multi Cap - Growth Oriented MF', 'Multi Cap Growth Oriented Mutual Fund');
INSERT INTO asset_classification (classid, class_name, subclass_name, subclass_description) VALUES ('403040', 'Equity  Diversified  Multi Cap', 'Equity Diversified Multi Cap - Value And Growth MF', 'Multi Cap Value And Growth Mutual Fund');
INSERT INTO asset_classification (classid, class_name, subclass_name, subclass_description) VALUES ('404010', 'Equity  Diversified  Small Cap', 'Equity Diversified Small Cap - ETF Or Index', 'Small Cap ETF or Index MF');
INSERT INTO asset_classification (classid, class_name, subclass_name, subclass_description) VALUES ('404020', 'Equity  Diversified  Small Cap', 'Equity Diversified Small Cap - Value Oriented MF', 'Small Cap Value Oriented Mutual Fund');
INSERT INTO asset_classification (classid, class_name, subclass_name, subclass_description) VALUES ('404030', 'Equity  Diversified  Small Cap', 'Equity Diversified Small Cap - Growth Oriented MF', 'Small Cap Growth Oriented Mutual Fund');
INSERT INTO asset_classification (classid, class_name, subclass_name, subclass_description) VALUES ('404040', 'Equity  Diversified  Small Cap', 'Equity Diversified Small Cap  - Value And Growth MF', 'Small Cap Value And Growth Mutual Fund');
INSERT INTO asset_classification (classid, class_name, subclass_name, subclass_description) VALUES ('405010', 'Equity  Diversified Developed Market', 'Equity Diversified Developed Market - Large Cap', 'Foreign Developed Market Large Cap Mutual Fund');
INSERT INTO asset_classification (classid, class_name, subclass_name, subclass_description) VALUES ('405020', 'Equity  Diversified Developed Market', 'Equity Diversified Developed Market - Small Cap', 'Foreign Developed Market Small Cap Mutual Fund');
INSERT INTO asset_classification (classid, class_name, subclass_name, subclass_description) VALUES ('405030', 'Equity  Diversified Emerging Market', 'Equity Diversified Emerging Market - Large Cap', 'Foreign Emerging Market Large Cap Mutual Fund');
INSERT INTO asset_classification (classid, class_name, subclass_name, subclass_description) VALUES ('405040', 'Equity  Diversified Emerging Market', 'Equity Diversified Emerging Market - Small Cap', 'Foreign Emerging Market Small Cap Mutual Fund');
INSERT INTO asset_classification (classid, class_name, subclass_name, subclass_description) VALUES ('406010', 'Equity  Individual', 'Equity Individual - Large Cap Stock', 'Stocks included in BSE/NSE 100');
INSERT INTO asset_classification (classid, class_name, subclass_name, subclass_description) VALUES ('406020', 'Equity  Individual', 'Equity Individual - Mid Cap Stock', 'Stocks included in BSE/NSE 200 but not in BSE/NSE 100');
INSERT INTO asset_classification (classid, class_name, subclass_name, subclass_description) VALUES ('406030', 'Equity  Individual', 'Equity Individual - Small Cap Stock', 'Stocks included in BSE/NSE 500 but not in BSE/NSE 200');
INSERT INTO asset_classification (classid, class_name, subclass_name, subclass_description) VALUES ('406040', 'Equity  Individual', 'Equity Individual - Micro Cap Stock', 'Stocks not listed in BSE/NSE 500');
INSERT INTO asset_classification (classid, class_name, subclass_name, subclass_description) VALUES ('407010', 'Equity  Individual Developed Market', 'Equity Individual Developed Market - Large Cap Stock', 'Foreign Large Cap Stock from Developed Market');
INSERT INTO asset_classification (classid, class_name, subclass_name, subclass_description) VALUES ('407020', 'Equity  Individual Developed Market', 'Equity Individual Developed Market - Mid Cap Stock', 'Foreign Mid Cap Stock from Developed Market');
INSERT INTO asset_classification (classid, class_name, subclass_name, subclass_description) VALUES ('407030', 'Equity  Individual Developed Market', 'Equity Individual Developed Market - Small Cap Stock', 'Foreign Small Cap Stock from Developed Market');
INSERT INTO asset_classification (classid, class_name, subclass_name, subclass_description) VALUES ('407040', 'Equity  Individual Developed Market', 'Equity Individual Developed Market - Micro Cap Stock', 'Foreign Micro Cap Stock from Developed Market');
INSERT INTO asset_classification (classid, class_name, subclass_name, subclass_description) VALUES ('408010', 'Equity  Individual Emerging Market', 'Equity Individual Emerging Market - Large Cap Stock', 'Foreign Large Cap Stock from Emerging Market');
INSERT INTO asset_classification (classid, class_name, subclass_name, subclass_description) VALUES ('408020', 'Equity  Individual Emerging Market', 'Equity Individual Emerging Market - Mid Cap Stock', 'Foreign Mid Cap Stock from Emerging Market');
INSERT INTO asset_classification (classid, class_name, subclass_name, subclass_description) VALUES ('408030', 'Equity  Individual Emerging Market', 'Equity Individual Emerging Market - Small Cap Stock', 'Foreign Small Cap Stock from Emerging Market');
INSERT INTO asset_classification (classid, class_name, subclass_name, subclass_description) VALUES ('408040', 'Equity  Individual Emerging Market', 'Equity Individual Emerging Market - Micro Cap Stock', 'Foreign Micro Cap Stock from Emerging Market');
INSERT INTO asset_classification (classid, class_name, subclass_name, subclass_description) VALUES ('501010', 'Commodity  Diversified', 'Commodity Diversified - Commodity MF', 'Diversified Commodity Mutual Fund');
INSERT INTO asset_classification (classid, class_name, subclass_name, subclass_description) VALUES ('502010', 'Commodity  Individual', 'Commodity Individual - Gold', 'Gold ETF, Coins, Bonds');
INSERT INTO asset_classification (classid, class_name, subclass_name, subclass_description) VALUES ('502020', 'Commodity  Individual', 'Commodity Individual - Silver', 'Silver Coins');
INSERT INTO asset_classification (classid, class_name, subclass_name, subclass_description) VALUES ('502030', 'Commodity  Individual', 'Commodity Individual - Other Commodity', 'Commodity other than Gold, Silver');
INSERT INTO asset_classification (classid, class_name, subclass_name, subclass_description) VALUES ('601010', 'Real Estate Direct', 'Real Estate Direct - Residential Rental', 'Residential Rental Property');
INSERT INTO asset_classification (classid, class_name, subclass_name, subclass_description) VALUES ('601020', 'Real Estate Direct', 'Real Estate Direct - Commercial Rental', 'Commercial Rental Property');
INSERT INTO asset_classification (classid, class_name, subclass_name, subclass_description) VALUES ('601030', 'Real Estate Direct', 'Real Estate Direct - Agricultural Land', 'Agricultural Land');
INSERT INTO asset_classification (classid, class_name, subclass_name, subclass_description) VALUES ('601040', 'Real Estate Direct', 'Real Estate Direct - Non Agricultural Land', 'Non Agricultural Land');
INSERT INTO asset_classification (classid, class_name, subclass_name, subclass_description) VALUES ('602010', 'Real Estate Indirect', 'Real Estate Indirect - REIT MF', 'Real Estate Investment Trust Mutual Fund');
INSERT INTO asset_classification (classid, class_name, subclass_name, subclass_description) VALUES ('701010', 'Alternative Investments', 'Alternative Investments - Hedge Fund or PMS', 'Hedge Fund or PMS (Individual Equity or Long-Short Equity Strategy)');
INSERT INTO asset_classification (classid, class_name, subclass_name, subclass_description) VALUES ('701020', 'Alternative Investments', 'Alternative Investments - Trading, Managed Futures', 'Trading in Stocks, FnO in Equity, Currency and Commodity');
INSERT INTO asset_classification (classid, class_name, subclass_name, subclass_description) VALUES ('701030', 'Alternative Investments', 'Alternative Investments - Private Equity', 'Own Business or Investment in Pvt. Co.');
INSERT INTO asset_classification (classid, class_name, subclass_name, subclass_description) VALUES ('701040', 'Alternative Investments', 'Alternative Investments - Venture Capital', 'Investment in Pvt. Co. via Venture Capitalist Company');
INSERT INTO asset_classification (classid, class_name, subclass_name, subclass_description) VALUES ('701050', 'Alternative Investments', 'Alternative Investments - Distressed Securities', 'Distressed Securities');
INSERT INTO asset_classification (classid, class_name, subclass_name, subclass_description) VALUES ('701060', 'Alternative Investments', 'Alternative Investments - Artifacts Or Coins', 'Antique Artifacts, Coins etc.');
INSERT INTO asset_classification (classid, class_name, subclass_name, subclass_description) VALUES ('701070', 'Alternative Investments', 'Alternative Investments - Any other Investment', 'Any Other Investment');


INSERT INTO subindustry (subindustryid, sector_name_display, industry_name_display, sub_industry_name_display) VALUES ('10101010', 'Energy', 'Equipment & Services', 'Oil & Gas Drilling');
INSERT INTO subindustry (subindustryid, sector_name_display, industry_name_display, sub_industry_name_display) VALUES ('10101020', 'Energy', 'Equipment & Services', 'Oil & Gas Equipment & Services');
INSERT INTO subindustry (subindustryid, sector_name_display, industry_name_display, sub_industry_name_display) VALUES ('10102010', 'Energy', 'Oil, Gas & Coal', 'Integrated');
INSERT INTO subindustry (subindustryid, sector_name_display, industry_name_display, sub_industry_name_display) VALUES ('10102020', 'Energy', 'Oil, Gas & Coal', 'Exploration & Production');
INSERT INTO subindustry (subindustryid, sector_name_display, industry_name_display, sub_industry_name_display) VALUES ('10102030', 'Energy', 'Oil, Gas & Coal', 'Refining & Marketing');
INSERT INTO subindustry (subindustryid, sector_name_display, industry_name_display, sub_industry_name_display) VALUES ('10102040', 'Energy', 'Oil, Gas & Coal', 'Storage & Transportation');
INSERT INTO subindustry (subindustryid, sector_name_display, industry_name_display, sub_industry_name_display) VALUES ('10102050', 'Energy', 'Oil, Gas & Coal', 'Coal & Consumable Fuels');
INSERT INTO subindustry (subindustryid, sector_name_display, industry_name_display, sub_industry_name_display) VALUES ('15101010', 'Materials', 'Chemicals', 'Commodity Chemicals');
INSERT INTO subindustry (subindustryid, sector_name_display, industry_name_display, sub_industry_name_display) VALUES ('15101020', 'Materials', 'Chemicals', 'Diversified Chemicals');
INSERT INTO subindustry (subindustryid, sector_name_display, industry_name_display, sub_industry_name_display) VALUES ('15101030', 'Materials', 'Chemicals', 'Fertilizers & Agricultural');
INSERT INTO subindustry (subindustryid, sector_name_display, industry_name_display, sub_industry_name_display) VALUES ('15101040', 'Materials', 'Chemicals', 'Industrial Gases');
INSERT INTO subindustry (subindustryid, sector_name_display, industry_name_display, sub_industry_name_display) VALUES ('15101050', 'Materials', 'Chemicals', 'Specialty Chemicals');
INSERT INTO subindustry (subindustryid, sector_name_display, industry_name_display, sub_industry_name_display) VALUES ('15102010', 'Materials', 'Construction Materials', 'Construction Materials');
INSERT INTO subindustry (subindustryid, sector_name_display, industry_name_display, sub_industry_name_display) VALUES ('15103010', 'Materials', 'Containers & Packaging', 'Metal & Glass Containers');
INSERT INTO subindustry (subindustryid, sector_name_display, industry_name_display, sub_industry_name_display) VALUES ('15103020', 'Materials', 'Containers & Packaging', 'Paper Packaging');
INSERT INTO subindustry (subindustryid, sector_name_display, industry_name_display, sub_industry_name_display) VALUES ('15104010', 'Materials', 'Metals & Mining', 'Aluminum');
INSERT INTO subindustry (subindustryid, sector_name_display, industry_name_display, sub_industry_name_display) VALUES ('15104020', 'Materials', 'Metals & Mining', 'Diversified Metals & Mining');
INSERT INTO subindustry (subindustryid, sector_name_display, industry_name_display, sub_industry_name_display) VALUES ('15104030', 'Materials', 'Metals & Mining', 'Gold');
INSERT INTO subindustry (subindustryid, sector_name_display, industry_name_display, sub_industry_name_display) VALUES ('15104040', 'Materials', 'Metals & Mining', 'Precious Metals & Minerals');
INSERT INTO subindustry (subindustryid, sector_name_display, industry_name_display, sub_industry_name_display) VALUES ('15104045', 'Materials', 'Metals & Mining', 'Silver');
INSERT INTO subindustry (subindustryid, sector_name_display, industry_name_display, sub_industry_name_display) VALUES ('15104050', 'Materials', 'Metals & Mining', 'Steel');
INSERT INTO subindustry (subindustryid, sector_name_display, industry_name_display, sub_industry_name_display) VALUES ('15105010', 'Materials', 'Paper & Forest Products', 'Forest Products');
INSERT INTO subindustry (subindustryid, sector_name_display, industry_name_display, sub_industry_name_display) VALUES ('15105020', 'Materials', 'Paper & Forest Products', 'Paper Products');
INSERT INTO subindustry (subindustryid, sector_name_display, industry_name_display, sub_industry_name_display) VALUES ('20101010', 'Industrials', 'Cap Goods - Aerospace & Defense', 'Aerospace & Defense');
INSERT INTO subindustry (subindustryid, sector_name_display, industry_name_display, sub_industry_name_display) VALUES ('20102010', 'Industrials', 'Cap Goods - Building Products', 'Building Products');
INSERT INTO subindustry (subindustryid, sector_name_display, industry_name_display, sub_industry_name_display) VALUES ('20103010', 'Industrials', 'Cap Goods - Construction & Eng.', 'Construction & Engineering');
INSERT INTO subindustry (subindustryid, sector_name_display, industry_name_display, sub_industry_name_display) VALUES ('20104010', 'Industrials', 'Cap Goods - Electrical Equipment', 'Electrical Components & Equipment');
INSERT INTO subindustry (subindustryid, sector_name_display, industry_name_display, sub_industry_name_display) VALUES ('20104020', 'Industrials', 'Cap Goods - Electrical Equipment', 'Heavy Electrical Equipment');
INSERT INTO subindustry (subindustryid, sector_name_display, industry_name_display, sub_industry_name_display) VALUES ('20105010', 'Industrials', 'Cap Goods - Conglomerates', 'Industrial Conglomerates');
INSERT INTO subindustry (subindustryid, sector_name_display, industry_name_display, sub_industry_name_display) VALUES ('20106010', 'Industrials', 'Cap Goods - Machinery', 'Construct Machinery, Heavy Trucks');
INSERT INTO subindustry (subindustryid, sector_name_display, industry_name_display, sub_industry_name_display) VALUES ('20106015', 'Industrials', 'Cap Goods - Machinery', 'Agricultural & Farm Machinery');
INSERT INTO subindustry (subindustryid, sector_name_display, industry_name_display, sub_industry_name_display) VALUES ('20106020', 'Industrials', 'Cap Goods - Machinery', 'Industrial Machinery');
INSERT INTO subindustry (subindustryid, sector_name_display, industry_name_display, sub_industry_name_display) VALUES ('20107010', 'Industrials', 'Cap Goods - Trading, Distributors', 'Trading & Distributors');
INSERT INTO subindustry (subindustryid, sector_name_display, industry_name_display, sub_industry_name_display) VALUES ('20201010', 'Industrials', 'Commercial Services & Supplies', 'Commercial Printing');
INSERT INTO subindustry (subindustryid, sector_name_display, industry_name_display, sub_industry_name_display) VALUES ('20201050', 'Industrials', 'Commercial Services & Supplies', 'Environ & Facilities Services');
INSERT INTO subindustry (subindustryid, sector_name_display, industry_name_display, sub_industry_name_display) VALUES ('20201060', 'Industrials', 'Commercial Services & Supplies', 'Office Services & Supplies');
INSERT INTO subindustry (subindustryid, sector_name_display, industry_name_display, sub_industry_name_display) VALUES ('20201070', 'Industrials', 'Commercial Services & Supplies', 'Diversified Support Services');
INSERT INTO subindustry (subindustryid, sector_name_display, industry_name_display, sub_industry_name_display) VALUES ('20201080', 'Industrials', 'Commercial Services & Supplies', 'Security & Alarm Services');
INSERT INTO subindustry (subindustryid, sector_name_display, industry_name_display, sub_industry_name_display) VALUES ('20202010', 'Industrials', 'Professional Services', 'HR & Employment Services');
INSERT INTO subindustry (subindustryid, sector_name_display, industry_name_display, sub_industry_name_display) VALUES ('20202020', 'Industrials', 'Professional Services', 'Research & Consulting Services');
INSERT INTO subindustry (subindustryid, sector_name_display, industry_name_display, sub_industry_name_display) VALUES ('20301010', 'Industrials', 'Transportation - Logistics', 'Air Freight & Logistics');
INSERT INTO subindustry (subindustryid, sector_name_display, industry_name_display, sub_industry_name_display) VALUES ('20302010', 'Industrials', 'Transportation - Airlines', 'Airlines');
INSERT INTO subindustry (subindustryid, sector_name_display, industry_name_display, sub_industry_name_display) VALUES ('20303010', 'Industrials', 'Transportation - Marine', 'Marine');
INSERT INTO subindustry (subindustryid, sector_name_display, industry_name_display, sub_industry_name_display) VALUES ('20304010', 'Industrials', 'Transportation - Road & Rail', 'Railroads');
INSERT INTO subindustry (subindustryid, sector_name_display, industry_name_display, sub_industry_name_display) VALUES ('20304020', 'Industrials', 'Transportation - Road & Rail', 'Trucking');
INSERT INTO subindustry (subindustryid, sector_name_display, industry_name_display, sub_industry_name_display) VALUES ('20305010', 'Industrials', 'Transportation - Infra', 'Airport Services');
INSERT INTO subindustry (subindustryid, sector_name_display, industry_name_display, sub_industry_name_display) VALUES ('20305020', 'Industrials', 'Transportation - Infra', 'Highways & Railtracks');
INSERT INTO subindustry (subindustryid, sector_name_display, industry_name_display, sub_industry_name_display) VALUES ('20305030', 'Industrials', 'Transportation - Infra', 'Marine Ports & Services');
INSERT INTO subindustry (subindustryid, sector_name_display, industry_name_display, sub_industry_name_display) VALUES ('25101010', 'Discretionary', 'Auto Components', 'Auto Parts & Equipment');
INSERT INTO subindustry (subindustryid, sector_name_display, industry_name_display, sub_industry_name_display) VALUES ('25101020', 'Discretionary', 'Auto Components', 'Tires & Rubber');
INSERT INTO subindustry (subindustryid, sector_name_display, industry_name_display, sub_industry_name_display) VALUES ('25102010', 'Discretionary', 'Automobiles', 'Automobile Manufacturers');
INSERT INTO subindustry (subindustryid, sector_name_display, industry_name_display, sub_industry_name_display) VALUES ('25102020', 'Discretionary', 'Automobiles', 'Motorcycle Manufacturers');
INSERT INTO subindustry (subindustryid, sector_name_display, industry_name_display, sub_industry_name_display) VALUES ('25201010', 'Discretionary', 'Household Durables', 'Consumer Electronics');
INSERT INTO subindustry (subindustryid, sector_name_display, industry_name_display, sub_industry_name_display) VALUES ('25201020', 'Discretionary', 'Household Durables', 'Home Furnishings');
INSERT INTO subindustry (subindustryid, sector_name_display, industry_name_display, sub_industry_name_display) VALUES ('25201030', 'Discretionary', 'Household Durables', 'Homebuilding');
INSERT INTO subindustry (subindustryid, sector_name_display, industry_name_display, sub_industry_name_display) VALUES ('25201040', 'Discretionary', 'Household Durables', 'Household Appliances');
INSERT INTO subindustry (subindustryid, sector_name_display, industry_name_display, sub_industry_name_display) VALUES ('25201050', 'Discretionary', 'Household Durables', 'Housewares & Specialties');
INSERT INTO subindustry (subindustryid, sector_name_display, industry_name_display, sub_industry_name_display) VALUES ('25202010', 'Discretionary', 'Cons. Durables Leisure Products', 'Leisure Products');
INSERT INTO subindustry (subindustryid, sector_name_display, industry_name_display, sub_industry_name_display) VALUES ('25203010', 'Discretionary', 'Textiles, Apparel, Luxury Goods', 'Apparel, Accessories, Luxury Goods');
INSERT INTO subindustry (subindustryid, sector_name_display, industry_name_display, sub_industry_name_display) VALUES ('25203020', 'Discretionary', 'Textiles, Apparel, Luxury Goods', 'Footwear');
INSERT INTO subindustry (subindustryid, sector_name_display, industry_name_display, sub_industry_name_display) VALUES ('25203030', 'Discretionary', 'Textiles, Apparel, Luxury Goods', 'Textiles');
INSERT INTO subindustry (subindustryid, sector_name_display, industry_name_display, sub_industry_name_display) VALUES ('25301010', 'Discretionary', 'Hotels, Restaurants & Leisure', 'Casinos & Gaming');
INSERT INTO subindustry (subindustryid, sector_name_display, industry_name_display, sub_industry_name_display) VALUES ('25301020', 'Discretionary', 'Hotels, Restaurants & Leisure', 'Hotels, Resorts & Cruise Lines');
INSERT INTO subindustry (subindustryid, sector_name_display, industry_name_display, sub_industry_name_display) VALUES ('25301030', 'Discretionary', 'Hotels, Restaurants & Leisure', 'Leisure Facilities');
INSERT INTO subindustry (subindustryid, sector_name_display, industry_name_display, sub_industry_name_display) VALUES ('25301040', 'Discretionary', 'Hotels, Restaurants & Leisure', 'Restaurants');
INSERT INTO subindustry (subindustryid, sector_name_display, industry_name_display, sub_industry_name_display) VALUES ('25302010', 'Discretionary', 'Diversified Consumer Services', 'Education Services');
INSERT INTO subindustry (subindustryid, sector_name_display, industry_name_display, sub_industry_name_display) VALUES ('25302020', 'Discretionary', 'Diversified Consumer Services', 'Specialized Consumer Services');
INSERT INTO subindustry (subindustryid, sector_name_display, industry_name_display, sub_industry_name_display) VALUES ('25401010', 'Discretionary', 'Media', 'Advertising');
INSERT INTO subindustry (subindustryid, sector_name_display, industry_name_display, sub_industry_name_display) VALUES ('25401020', 'Discretionary', 'Media', 'Broadcasting');
INSERT INTO subindustry (subindustryid, sector_name_display, industry_name_display, sub_industry_name_display) VALUES ('25401025', 'Discretionary', 'Media', 'Cable & Satellite');
INSERT INTO subindustry (subindustryid, sector_name_display, industry_name_display, sub_industry_name_display) VALUES ('25401030', 'Discretionary', 'Media', 'Movies & Entertainment');
INSERT INTO subindustry (subindustryid, sector_name_display, industry_name_display, sub_industry_name_display) VALUES ('25401040', 'Discretionary', 'Media', 'Publishing');
INSERT INTO subindustry (subindustryid, sector_name_display, industry_name_display, sub_industry_name_display) VALUES ('25501010', 'Discretionary', 'Retailing - Distributors', 'Distributors');
INSERT INTO subindustry (subindustryid, sector_name_display, industry_name_display, sub_industry_name_display) VALUES ('25502010', 'Discretionary', 'Retailing - Internet & Catalog Retail', 'Catalog Retail');
INSERT INTO subindustry (subindustryid, sector_name_display, industry_name_display, sub_industry_name_display) VALUES ('25502020', 'Discretionary', 'Retailing - Internet & Catalog Retail', 'Internet Retail');
INSERT INTO subindustry (subindustryid, sector_name_display, industry_name_display, sub_industry_name_display) VALUES ('25503010', 'Discretionary', 'Retailing - Multiline Retail', 'Department Stores');
INSERT INTO subindustry (subindustryid, sector_name_display, industry_name_display, sub_industry_name_display) VALUES ('25503020', 'Discretionary', 'Retailing - Multiline Retail', 'General Merchandise Stores');
INSERT INTO subindustry (subindustryid, sector_name_display, industry_name_display, sub_industry_name_display) VALUES ('25504010', 'Discretionary', 'Retailing - Specialty Retail', 'Apparel Retail');
INSERT INTO subindustry (subindustryid, sector_name_display, industry_name_display, sub_industry_name_display) VALUES ('25504020', 'Discretionary', 'Retailing - Specialty Retail', 'Computer & Electronics Retail');
INSERT INTO subindustry (subindustryid, sector_name_display, industry_name_display, sub_industry_name_display) VALUES ('25504030', 'Discretionary', 'Retailing - Specialty Retail', 'Home Improvement Retail');
INSERT INTO subindustry (subindustryid, sector_name_display, industry_name_display, sub_industry_name_display) VALUES ('25504040', 'Discretionary', 'Retailing - Specialty Retail', 'Specialty Stores');
INSERT INTO subindustry (subindustryid, sector_name_display, industry_name_display, sub_industry_name_display) VALUES ('25504050', 'Discretionary', 'Retailing - Specialty Retail', 'Automotive Retail');
INSERT INTO subindustry (subindustryid, sector_name_display, industry_name_display, sub_industry_name_display) VALUES ('25504060', 'Discretionary', 'Retailing - Specialty Retail', 'Homefurnishing Retail');
INSERT INTO subindustry (subindustryid, sector_name_display, industry_name_display, sub_industry_name_display) VALUES ('30101010', 'Staples', 'Food & Staples Retailing', 'Drug Retail');
INSERT INTO subindustry (subindustryid, sector_name_display, industry_name_display, sub_industry_name_display) VALUES ('30101020', 'Staples', 'Food & Staples Retailing', 'Food Distributors');
INSERT INTO subindustry (subindustryid, sector_name_display, industry_name_display, sub_industry_name_display) VALUES ('30101030', 'Staples', 'Food & Staples Retailing', 'Food Retail');
INSERT INTO subindustry (subindustryid, sector_name_display, industry_name_display, sub_industry_name_display) VALUES ('30101040', 'Staples', 'Food & Staples Retailing', 'Hypermarkets & Super Centers');
INSERT INTO subindustry (subindustryid, sector_name_display, industry_name_display, sub_industry_name_display) VALUES ('30201010', 'Staples', 'Beverages', 'Brewers');
INSERT INTO subindustry (subindustryid, sector_name_display, industry_name_display, sub_industry_name_display) VALUES ('30201020', 'Staples', 'Beverages', 'Distillers & Vintners');
INSERT INTO subindustry (subindustryid, sector_name_display, industry_name_display, sub_industry_name_display) VALUES ('30201030', 'Staples', 'Beverages', 'Soft Drinks');
INSERT INTO subindustry (subindustryid, sector_name_display, industry_name_display, sub_industry_name_display) VALUES ('30202010', 'Staples', 'Food Products', 'Agricultural Products');
INSERT INTO subindustry (subindustryid, sector_name_display, industry_name_display, sub_industry_name_display) VALUES ('30202030', 'Staples', 'Food Products', 'Packaged Foods & Meats');
INSERT INTO subindustry (subindustryid, sector_name_display, industry_name_display, sub_industry_name_display) VALUES ('30203010', 'Staples', 'Tobacco', 'Tobacco');
INSERT INTO subindustry (subindustryid, sector_name_display, industry_name_display, sub_industry_name_display) VALUES ('30301010', 'Staples', 'Household Products', 'Household Products');
INSERT INTO subindustry (subindustryid, sector_name_display, industry_name_display, sub_industry_name_display) VALUES ('30302010', 'Staples', 'Personal Products', 'Personal Products');
INSERT INTO subindustry (subindustryid, sector_name_display, industry_name_display, sub_industry_name_display) VALUES ('35101010', 'Health Care', 'Health Care Equipt & Supplies', 'Health Care Equipment');
INSERT INTO subindustry (subindustryid, sector_name_display, industry_name_display, sub_industry_name_display) VALUES ('35101020', 'Health Care', 'Health Care Equipt & Supplies', 'Health Care Supplies');
INSERT INTO subindustry (subindustryid, sector_name_display, industry_name_display, sub_industry_name_display) VALUES ('35102010', 'Health Care', 'Health Care Service Providers', 'Health Care Distributors');
INSERT INTO subindustry (subindustryid, sector_name_display, industry_name_display, sub_industry_name_display) VALUES ('35102015', 'Health Care', 'Health Care Service Providers', 'Health Care Services');
INSERT INTO subindustry (subindustryid, sector_name_display, industry_name_display, sub_industry_name_display) VALUES ('35102020', 'Health Care', 'Health Care Service Providers', 'Health Care Facilities');
INSERT INTO subindustry (subindustryid, sector_name_display, industry_name_display, sub_industry_name_display) VALUES ('35102030', 'Health Care', 'Health Care Service Providers', 'Managed Health Care');
INSERT INTO subindustry (subindustryid, sector_name_display, industry_name_display, sub_industry_name_display) VALUES ('35103010', 'Health Care', 'Health Care Technology', 'Health Care Technology');
INSERT INTO subindustry (subindustryid, sector_name_display, industry_name_display, sub_industry_name_display) VALUES ('35201010', 'Health Care', 'Biotechnology', 'Biotechnology');
INSERT INTO subindustry (subindustryid, sector_name_display, industry_name_display, sub_industry_name_display) VALUES ('35202010', 'Health Care', 'Pharmaceuticals', 'Pharmaceuticals');
INSERT INTO subindustry (subindustryid, sector_name_display, industry_name_display, sub_industry_name_display) VALUES ('35203010', 'Health Care', 'Life Sciences Tools & Services', 'Life Sciences Tools & Services');
INSERT INTO subindustry (subindustryid, sector_name_display, industry_name_display, sub_industry_name_display) VALUES ('40101010', 'Financials', 'Banks', 'Diversified Banks');
INSERT INTO subindustry (subindustryid, sector_name_display, industry_name_display, sub_industry_name_display) VALUES ('40101015', 'Financials', 'Banks', 'Regional Banks');
INSERT INTO subindustry (subindustryid, sector_name_display, industry_name_display, sub_industry_name_display) VALUES ('40102010', 'Financials', 'Mortgage Finance', 'Thrift & Mortgage Finance');
INSERT INTO subindustry (subindustryid, sector_name_display, industry_name_display, sub_industry_name_display) VALUES ('40201020', 'Financials', 'Diversified Financial Services', 'Other Diversified Fin Ser.');
INSERT INTO subindustry (subindustryid, sector_name_display, industry_name_display, sub_industry_name_display) VALUES ('40201030', 'Financials', 'Diversified Financial Services', 'Multi-Sector Holdings');
INSERT INTO subindustry (subindustryid, sector_name_display, industry_name_display, sub_industry_name_display) VALUES ('40201040', 'Financials', 'Diversified Financial Services', 'Specialized Finance');
INSERT INTO subindustry (subindustryid, sector_name_display, industry_name_display, sub_industry_name_display) VALUES ('40202010', 'Financials', 'Consumer Finance', 'Consumer Finance');
INSERT INTO subindustry (subindustryid, sector_name_display, industry_name_display, sub_industry_name_display) VALUES ('40203010', 'Financials', 'Financials Capital Markets', 'Asset Mgmt & Custody Banks');
INSERT INTO subindustry (subindustryid, sector_name_display, industry_name_display, sub_industry_name_display) VALUES ('40203020', 'Financials', 'Financials Capital Markets', 'Invest Banking & Brokerage');
INSERT INTO subindustry (subindustryid, sector_name_display, industry_name_display, sub_industry_name_display) VALUES ('40203030', 'Financials', 'Financials Capital Markets', 'Diversified Capital Markets');
INSERT INTO subindustry (subindustryid, sector_name_display, industry_name_display, sub_industry_name_display) VALUES ('40301010', 'Financials', 'Insurance', 'Insurance Brokers');
INSERT INTO subindustry (subindustryid, sector_name_display, industry_name_display, sub_industry_name_display) VALUES ('40301020', 'Financials', 'Insurance', 'Life & Health Insurance');
INSERT INTO subindustry (subindustryid, sector_name_display, industry_name_display, sub_industry_name_display) VALUES ('40301030', 'Financials', 'Insurance', 'Multi-line Insurance');
INSERT INTO subindustry (subindustryid, sector_name_display, industry_name_display, sub_industry_name_display) VALUES ('40301040', 'Financials', 'Insurance', 'Property & Casualty Insurance');
INSERT INTO subindustry (subindustryid, sector_name_display, industry_name_display, sub_industry_name_display) VALUES ('40301050', 'Financials', 'Insurance', 'Reinsurance');
INSERT INTO subindustry (subindustryid, sector_name_display, industry_name_display, sub_industry_name_display) VALUES ('40402010', 'Financials', 'Real Estate Invest Trust-REIT', 'Diversified REITs');
INSERT INTO subindustry (subindustryid, sector_name_display, industry_name_display, sub_industry_name_display) VALUES ('40402020', 'Financials', 'Real Estate Invest Trust-REIT', 'Industrial REITs');
INSERT INTO subindustry (subindustryid, sector_name_display, industry_name_display, sub_industry_name_display) VALUES ('40402030', 'Financials', 'Real Estate Invest Trust-REIT', 'Mortgage REITs');
INSERT INTO subindustry (subindustryid, sector_name_display, industry_name_display, sub_industry_name_display) VALUES ('40402035', 'Financials', 'Real Estate Invest Trust-REIT', 'Hotel & Resort REITs');
INSERT INTO subindustry (subindustryid, sector_name_display, industry_name_display, sub_industry_name_display) VALUES ('40402040', 'Financials', 'Real Estate Invest Trust-REIT', 'Office REITs');
INSERT INTO subindustry (subindustryid, sector_name_display, industry_name_display, sub_industry_name_display) VALUES ('40402045', 'Financials', 'Real Estate Invest Trust-REIT', 'Health Care REITs');
INSERT INTO subindustry (subindustryid, sector_name_display, industry_name_display, sub_industry_name_display) VALUES ('40402050', 'Financials', 'Real Estate Invest Trust-REIT', 'Residential REITs');
INSERT INTO subindustry (subindustryid, sector_name_display, industry_name_display, sub_industry_name_display) VALUES ('40402060', 'Financials', 'Real Estate Invest Trust-REIT', 'Retail REITs');
INSERT INTO subindustry (subindustryid, sector_name_display, industry_name_display, sub_industry_name_display) VALUES ('40402070', 'Financials', 'Real Estate Invest Trust-REIT', 'Specialized REITs');
INSERT INTO subindustry (subindustryid, sector_name_display, industry_name_display, sub_industry_name_display) VALUES ('40403010', 'Financials', 'Real Estate Mgmt & Devpt', 'Diversified Real Estate Activities');
INSERT INTO subindustry (subindustryid, sector_name_display, industry_name_display, sub_industry_name_display) VALUES ('40403020', 'Financials', 'Real Estate Mgmt & Devpt', 'Real Estate Operating Companies');
INSERT INTO subindustry (subindustryid, sector_name_display, industry_name_display, sub_industry_name_display) VALUES ('40403030', 'Financials', 'Real Estate Mgmt & Devpt', 'Real Estate Development');
INSERT INTO subindustry (subindustryid, sector_name_display, industry_name_display, sub_industry_name_display) VALUES ('40403040', 'Financials', 'Real Estate Mgmt & Devpt', 'Real Estate Services');
INSERT INTO subindustry (subindustryid, sector_name_display, industry_name_display, sub_industry_name_display) VALUES ('45101010', 'Technology', 'Internet Software & Services', 'Internet Software & Services');
INSERT INTO subindustry (subindustryid, sector_name_display, industry_name_display, sub_industry_name_display) VALUES ('45102010', 'Technology', 'IT Services', 'IT Consulting & Other Services');
INSERT INTO subindustry (subindustryid, sector_name_display, industry_name_display, sub_industry_name_display) VALUES ('45102020', 'Technology', 'IT Services', 'Data Processing & Outsourced');
INSERT INTO subindustry (subindustryid, sector_name_display, industry_name_display, sub_industry_name_display) VALUES ('45103010', 'Technology', 'Software', 'Application Software');
INSERT INTO subindustry (subindustryid, sector_name_display, industry_name_display, sub_industry_name_display) VALUES ('45103020', 'Technology', 'Software', 'Systems Software');
INSERT INTO subindustry (subindustryid, sector_name_display, industry_name_display, sub_industry_name_display) VALUES ('45103030', 'Technology', 'Software', 'Home Entertainment Software');
INSERT INTO subindustry (subindustryid, sector_name_display, industry_name_display, sub_industry_name_display) VALUES ('45201020', 'Technology', 'Communications Equipment', 'Communications Equipment');
INSERT INTO subindustry (subindustryid, sector_name_display, industry_name_display, sub_industry_name_display) VALUES ('45202030', 'Technology', 'Hardware, Storage & Peripherals', 'Hardware, Storage & Peripherals');
INSERT INTO subindustry (subindustryid, sector_name_display, industry_name_display, sub_industry_name_display) VALUES ('45203010', 'Technology', 'Electronic Equipt, Instru, Comp', 'Electronic Equipt, Instru, Comp');
INSERT INTO subindustry (subindustryid, sector_name_display, industry_name_display, sub_industry_name_display) VALUES ('45203015', 'Technology', 'Electronic Equipt, Instru, Comp', 'Electronic Components');
INSERT INTO subindustry (subindustryid, sector_name_display, industry_name_display, sub_industry_name_display) VALUES ('45203020', 'Technology', 'Electronic Equipt, Instru, Comp', 'Electronic Manufacturing Services');
INSERT INTO subindustry (subindustryid, sector_name_display, industry_name_display, sub_industry_name_display) VALUES ('45203030', 'Technology', 'Electronic Equipt, Instru, Comp', 'Technology Distributors');
INSERT INTO subindustry (subindustryid, sector_name_display, industry_name_display, sub_industry_name_display) VALUES ('45301010', 'Technology', 'Semiconductor Equipment', 'Semiconductor Equipment');
INSERT INTO subindustry (subindustryid, sector_name_display, industry_name_display, sub_industry_name_display) VALUES ('45301020', 'Technology', 'Semiconductor Equipment', 'Semiconductors');
INSERT INTO subindustry (subindustryid, sector_name_display, industry_name_display, sub_industry_name_display) VALUES ('50101010', 'Telecom', 'Diversified Telecom Services', 'Alternative Carriers');
INSERT INTO subindustry (subindustryid, sector_name_display, industry_name_display, sub_industry_name_display) VALUES ('50101020', 'Telecom', 'Diversified Telecom Services', 'Integrated Telecom Services');
INSERT INTO subindustry (subindustryid, sector_name_display, industry_name_display, sub_industry_name_display) VALUES ('50102010', 'Telecom', 'Wireless Telecom Services', 'Wireless Telecom Services');
INSERT INTO subindustry (subindustryid, sector_name_display, industry_name_display, sub_industry_name_display) VALUES ('55101010', 'Utilities', 'Electric Utilities', 'Electric Utilities');
INSERT INTO subindustry (subindustryid, sector_name_display, industry_name_display, sub_industry_name_display) VALUES ('55102010', 'Utilities', 'Gas Utilities', 'Gas Utilities');
INSERT INTO subindustry (subindustryid, sector_name_display, industry_name_display, sub_industry_name_display) VALUES ('55103010', 'Utilities', 'Multi-Utilities', 'Multi-Utilities');
INSERT INTO subindustry (subindustryid, sector_name_display, industry_name_display, sub_industry_name_display) VALUES ('55104010', 'Utilities', 'Water Utilities', 'Water Utilities');
INSERT INTO subindustry (subindustryid, sector_name_display, industry_name_display, sub_industry_name_display) VALUES ('55105010', 'Utilities', 'Independent Power Renewable', 'Power Producers, Energy Traders');
INSERT INTO subindustry (subindustryid, sector_name_display, industry_name_display, sub_industry_name_display) VALUES ('55105020', 'Utilities', 'Independent Power Renewable', 'Renewable Electricity');


